SC ID,SC Feed ID,SC Player Name,first_name,last_name,Fanfooty Player ID,Fanfooty Player Name,Footywire Name,AFL ID,AFL Name,Team,Position,Date of Birth,Jumper Number
1,294472,Rory Atkins,Rory,Atkins,,,,,,ADE,MID,,
2,293193,Luke Brown,Luke,Brown,,,,,,ADE,DEF,,
3,1004995,Jordon Butts,Jordon,Butts,,,,,,ADE,DEF,,
4,993796,Ben Crocker,Ben,Crocker,,,,,,ADE,FWD,,
5,294307,Brad Crouch,Brad,Crouch,,,,,,ADE,MID,,
6,297401,Matt Crouch,Matt,Crouch,,,,,,ADE,MID,,
7,298417,Ben Davis,Ben,Davis,,,,,,ADE,FWD,,
8,1000932,Tom Doedee,Tom,Doedee,,,,,,ADE,DEF,,
9,999331,Darcy Fogarty,Darcy,Fogarty,,,,,,ADE,FWD,,
10,991773,Billy Frampton,Billy,Frampton,,,,,,ADE,FWD,,
11,998106,Jordan Gallucci,Jordan,Gallucci,,,,,,ADE,FWD,,
12,250417,Bryce Gibbs,Bryce,Gibbs,,,,,,ADE,MID,,
13,1018075,Lachlan Gollant,Lachlan,Gollant,,,,,,ADE,DEF MID,,
14,1008159,William Hamill,William,Hamill,,,,,,ADE,DEF,,
15,290228,Kyle Hartigan,Kyle,Hartigan,,,,,,ADE,DEF,,
16,1005199,Elliott Himmelberg,Elliott,Himmelberg,,,,,,ADE,FWD,,
17,1006203,Chayce Jones,Chayce,Jones,,,,,,ADE,FWD,,
18,993946,Ben Keays,Ben,Keays,,,,,,ADE,FWD,,
19,297473,Jake Kelly,Jake,Kelly,,,,,,ADE,DEF,,
20,295103,Riley Knight,Riley,Knight,,,,,,ADE,FWD,,
21,293222,Rory Laird,Rory,Laird,,,,,,ADE,DEF,,
22,270938,Tom Lynch,Tom,Lynch,,,,,,ADE,FWD,,
23,250362,David Mackay,David,Mackay,,,,,,ADE,DEF MID,,
24,298470,Shane McAdam,Shane,McAdam,,,,,,ADE,FWD,,
25,1009201,Fischer Mcasey,Fischer,Mcasey,,,,,,ADE,DEF,,
26,1008185,Ned McHenry,Ned,McHenry,,,,,,ADE,MID,,
27,997206,Andrew McPherson,Andrew,McPherson,,,,,,ADE,DEF,,
28,990882,Wayne Milera,Wayne,Milera,,,,,,ADE,DEF MID,,
29,1000998,Lachlan Murphy,Lachlan,Murphy,,,,,,ADE,FWD,,
30,297523,Reilly O'Brien,Reilly,O'Brien,,,,,,ADE,RUC,,
31,1011254,Ronin O'Connor,Ronin,O'Connor,,,,,,ADE,MID,,
32,1000908,Myles Poholke,Myles,Poholke,,,,,,ADE,FWD,,
33,1008543,Harry Schoenberg,Harry,Schoenberg,,,,,,ADE,MID,,
34,294733,Paul Seedsman,Paul,Seedsman,,,,,,ADE,MID,,
35,1006136,Lachlan Sholl,Lachlan,Sholl,,,,,,ADE,DEF,,
36,270963,Rory Sloane,Rory,Sloane,,,,,,ADE,MID,,
37,291748,Brodie Smith,Brodie,Smith,,,,,,ADE,DEF,,
38,997230,Tyson Stengle,Tyson,Stengle,,,,,,ADE,FWD,,
39,1008752,Kieran Strachan,Kieran,Strachan,,,,,,ADE,RUC FWD,,
40,280934,Daniel Talia,Daniel,Talia,,,,,,ADE,DEF,,
41,280506,Taylor Walker,Taylor,Walker,,,,,,ADE,FWD,,
42,295964,Patrick Wilson,Patrick,Wilson,,,,,,ADE,MID,,
43,1011981,Joshua Worrell,Joshua,Worrell,,,,,,ADE,DEF FWD,,
44,294168,Marcus Adams,Marcus,Adams,,,,,,BRL,DEF,,
45,298437,Callum Ah Chee,Callum,Ah Chee,,,,,,BRL,MID,,
46,998268,Jacob Allison,Jacob,Allison,,,,,,BRL,MID,,
47,996059,Harris Andrews,Harris,Andrews,,,,,,BRL,DEF,,
48,1005053,Noah Answerth,Noah,Answerth,,,,,,BRL,DEF,,
49,1002312,Zac Bailey,Zac,Bailey,,,,,,BRL,DEF MID,,
50,1002351,Connor Ballenden,Connor,Ballenden,,,,,,BRL,FWD,,
51,998133,Jarrod Berry,Jarrod,Berry,,,,,,BRL,MID,,
52,1006100,Thomas Berry,Thomas,Berry,,,,,,BRL,FWD,,
53,240302,Grant Birchall,Grant,Birchall,,,,,,BRL,DEF,,
54,990609,Charlie Cameron,Charlie,Cameron,,,,,,BRL,FWD,,
55,280918,Allen Christensen,Allen,Christensen,,,,,,BRL,FWD,,
56,1006059,Keidean Coleman,Keidean,Coleman,,,,,,BRL,MID FWD,,
57,994047,Cedric Cox,Cedric,Cox,,,,,,BRL,FWD,,
58,290326,Matt Eagles,Matt,Eagles,,,,,,BRL,DEF,,
59,293479,Cameron Ellis-Yolmen,Cameron,Ellis-Yolmen,,,,,,BRL,MID,,
60,1013532,Thomas Fullarton,Thomas,Fullarton,,,,,,BRL,FWD,,
61,296269,Darcy Gardiner,Darcy,Gardiner,,,,,,BRL,DEF,,
62,1004863,Mitchell Hinge,Mitchell,Hinge,,,,,,BRL,MID,,
63,993953,Eric Hipwood,Eric,Hipwood,,,,,,BRL,FWD,,
64,1006150,Tom Joyce,Tom,Joyce,,,,,,BRL,FWD MID,,
65,291548,Ryan Lester,Ryan,Lester,,,,,,BRL,DEF,,
66,998105,Corey Lyons,Corey,Lyons,,,,,,BRL,MID,,
67,293716,Jarryd Lyons,Jarryd,Lyons,,,,,,BRL,MID,,
68,1013978,James Madden,James,Madden,,,,,,BRL,DEF FWD,,
69,280763,Stefan Martin,Stefan,Martin,,,,,,BRL,RUC,,
70,993828,Rhys Mathieson,Rhys,Mathieson,,,,,,BRL,FWD MID,,
71,293581,Lincoln McCarthy,Lincoln,McCarthy,,,,,,BRL,FWD,,
72,1000978,Hugh McCluggage,Hugh,McCluggage,,,,,,BRL,MID,,
73,1006085,Connor McFadyen,Connor,McFadyen,,,,,,BRL,FWD,,
74,1005521,Oscar McInerney,Oscar,McInerney,,,,,,BRL,RUC FWD,,
75,297504,Daniel McStay,Daniel,McStay,,,,,,BRL,FWD,,
76,293535,Lachie Neale,Lachie,Neale,,,,,,BRL,MID,,
77,1002347,Jack Payne,Jack,Payne,,,,,,BRL,DEF,,
78,1009386,Jaxon Prior,Jaxon,Prior,,,,,,BRL,DEF,,
79,1002235,Cameron Rayner,Cameron,Rayner,,,,,,BRL,FWD,,
80,271072,Daniel Rich,Daniel,Rich,,,,,,BRL,DEF,,
81,1009385,Deven Robertson,Deven,Robertson,,,,,,BRL,MID,,
82,290311,Mitch Robinson,Mitch,Robinson,,,,,,BRL,MID,,
83,993836,Sam Skinner,Sam,Skinner,,,,,,BRL,FWD,,
84,992752,Archie Smith,Archie,Smith,,,,,,BRL,RUC,,
85,1009242,Brock Smith,Brock,Smith,,,,,,BRL,DEF,,
86,1006033,Ely Smith,Ely,Smith,,,,,,BRL,FWD MID,,
87,1002401,Brandon Starcevich,Brandon,Starcevich,,,,,,BRL,DEF MID,,
88,998128,Alex Witherden,Alex,Witherden,,,,,,BRL,DEF,,
89,1002244,Toby Wooller,Toby,Wooller,,,,,,BRL,FWD MID,,
90,261224,Dayne Zorko,Dayne,Zorko,,,,,,BRL,MID,,
91,240060,Eddie Betts,Eddie,Betts,,,,,,CAR,FWD,,
92,281124,Levi Casboult,Levi,Casboult,,,,,,CAR,DEF FWD,,
93,1008154,Matthew Cottrell,Matthew,Cottrell,,,,,,CAR,DEF,,
94,990704,Patrick Cripps,Patrick,Cripps,,,,,,CAR,MID,,
95,993795,David Cuningham,David,Cuningham,,,,,,CAR,FWD,,
96,996731,Charlie Curnow,Charlie,Curnow,,,,,,CAR,FWD,,
97,270146,Ed Curnow,Ed,Curnow,,,,,,CAR,MID,,
98,1004912,Tom De Koning,Tom,De Koning,,,,,,CAR,RUC,,
99,295518,Sam Docherty,Sam,Docherty,,,,,,CAR,DEF,,
100,1002256,Paddy Dow,Paddy,Dow,,,,,,CAR,FWD MID,,
101,999827,Zac Fisher,Zac,Fisher,,,,,,CAR,FWD MID,,
102,296200,Michael Gibbons,Michael,Gibbons,,,,,,CAR,FWD,,
103,298316,Hugh Goddard,Hugh,Goddard,,,,,,CAR,DEF,,
104,1002938,Josh Honey,Josh,Honey,,,,,,CAR,MID FWD,,
105,281078,Liam Jones,Liam,Jones,,,,,,CAR,DEF,,
106,1009241,Brodie Kemp,Brodie,Kemp,,,,,,CAR,MID,,
107,1001398,Matthew Kennedy,Matthew,Kennedy,,,,,,CAR,FWD,,
108,261299,Matthew Kreuzer,Matthew,Kreuzer,,,,,,CAR,RUC,,
109,296439,Darcy Lang,Darcy,Lang,,,,,,CAR,FWD,,
110,998226,Harrison Macreadie,Harrison,Macreadie,,,,,,CAR,DEF,,
111,298302,Caleb Marchbank,Caleb,Marchbank,,,,,,CAR,DEF,,
112,296190,Jack Martin,Jack,Martin,,,,,,CAR,FWD MID,,
113,297255,Mitch McGovern,Mitch,McGovern,,,,,,CAR,FWD,,
114,1000953,Harry McKay,Harry,McKay,,,,,,CAR,FWD,,
115,250105,Marc Murphy,Marc,Murphy,,,,,,CAR,MID,,
116,297907,Nic Newman,Nic,Newman,,,,,,CAR,DEF,,
117,1002259,Lochie O'Brien,Lochie,O'Brien,,,,,,CAR,MID,,
118,1011924,Finbar O'Dwyer,Finbar,O'Dwyer,,,,,,CAR,FWD,,
119,1013973,Matthew Owies,Matthew,Owies,,,,,,CAR,FWD,,
120,994539,Sam Petrevski-Seton,Sam,Petrevski-Seton,,,,,,CAR,DEF MID,,
121,1011861,Fraser Phillips,Fraser,Phillips,,,,,,CAR,FWD,,
122,1011929,Sam Philp,Sam,Philp,,,,,,CAR,MID,,
123,298290,Marc Pittonet,Marc,Pittonet,,,,,,CAR,RUC,,
124,294624,Lachie Plowman,Lachie,Plowman,,,,,,CAR,DEF,,
125,998100,Cameron Polson,Cameron,Polson,,,,,,CAR,FWD,,
126,1002942,Sam Ramsay,Sam,Ramsay,,,,,,CAR,MID,,
127,998215,Will Setterfield,Will,Setterfield,,,,,,CAR,MID,,
128,1011949,Ben Silvagni,Ben,Silvagni,,,,,,CAR,DEF,,
129,1001028,Jack Silvagni,Jack,Silvagni,,,,,,CAR,FWD,,
130,230202,Kade Simpson,Kade,Simpson,,,,,,CAR,DEF,,
131,1008312,Liam Stocker,Liam,Stocker,,,,,,CAR,DEF,,
132,1006094,Sam Walsh,Sam,Walsh,,,,,,CAR,MID,,
133,993832,Jacob Weitering,Jacob,Weitering,,,,,,CAR,DEF,,
134,998167,Tom Williamson,Tom,Williamson,,,,,,CAR,DEF,,
135,291776,Taylor Adams,Taylor,Adams,,,,,,COL,MID,,
136,1005013,Flynn Appleby,Flynn,Appleby,,,,,,COL,DEF,,
137,271001,Dayne Beams,Dayne,Beams,,,,,,COL,MID,,
138,1009186,Trent Bianco,Trent,Bianco,,,,,,COL,DEF MID,,
139,1008288,Atu Bosenavulagi,Atu,Bosenavulagi,,,,,,COL,FWD,,
140,293035,Tim Broomhead,Tim,Broomhead,,,,,,COL,FWD MID,,
141,1002770,Callum L. Brown,Callum L.,Brown,,,,,,COL,FWD,,
142,1008171,Tyler Brown,Tyler,Brown,,,,,,COL,MID,,
143,990291,Darcy Cameron,Darcy,Cameron,,,,,,COL,RUC FWD,,
144,998647,Mason Cox,Mason,Cox,,,,,,COL,FWD,,
145,293871,Jack Crisp,Jack,Crisp,,,,,,COL,DEF,,
146,1005054,Josh Daicos,Josh,Daicos,,,,,,COL,MID,,
147,994185,Jordan De Goey,Jordan,De Goey,,,,,,COL,FWD,,
148,293801,Jamie Elliott,Jamie,Elliott,,,,,,COL,FWD,,
149,270861,Levi Greenwood,Levi,Greenwood,,,,,,COL,DEF,,
150,293957,Brodie Grundy,Brodie,Grundy,,,,,,COL,RUC,,
151,291720,Will Hoskin-Elliott,Will,Hoskin-Elliott,,,,,,COL,FWD,,
152,291313,Jeremy Howe,Jeremy,Howe,,,,,,COL,DEF,,
153,1013974,Mark Keane,Mark,Keane,,,,,,COL,DEF,,
154,1008285,Will Kelly,Will,Kelly,,,,,,COL,FWD,,
155,295444,Tom Langdon,Tom,Langdon,,,,,,COL,DEF,,
156,1000960,Max Lynch,Max,Lynch,,,,,,COL,RUC,,
157,1010841,Jack Madgen,Jack,Madgen,,,,,,COL,DEF,,
158,992010,Brayden Maynard,Brayden,Maynard,,,,,,COL,DEF,,
159,280416,Chris Mayne,Chris,Mayne,,,,,,COL,MID,,
160,291849,Brody Mihocek,Brody,Mihocek,,,,,,COL,FWD,,
161,298288,Darcy Moore,Darcy,Moore,,,,,,COL,DEF,,
162,1005107,Nathan Murphy,Nathan,Murphy,,,,,,COL,DEF,,
163,1000072,John Noble,John,Noble,,,,,,COL,DEF,,
164,260257,Scott Pendlebury,Scott,Pendlebury,,,,,,COL,MID,,
165,996487,Tom Phillips,Tom,Phillips,,,,,,COL,MID,,
166,1008089,Isaac Quaynor,Isaac,Quaynor,,,,,,COL,DEF,,
167,1015793,Jay Rantall,Jay,Rantall,,,,,,COL,MID,,
168,240232,Ben Reid,Ben,Reid,,,,,,COL,FWD,,
169,280012,Jordan Roughead,Jordan,Roughead,,,,,,COL,DEF,,
170,1009383,Trey Ruscoe,Trey,Ruscoe,,,,,,COL,DEF MID,,
171,295012,Matthew Scharenberg,Matthew,Scharenberg,,,,,,COL,DEF,,
172,280965,Steele Sidebottom,Steele,Sidebottom,,,,,,COL,MID,,
173,1003029,Brayden Sier,Brayden,Sier,,,,,,COL,MID,,
174,1002240,Jaidyn Stephenson,Jaidyn,Stephenson,,,,,,COL,FWD,,
175,290289,Josh Thomas,Josh,Thomas,,,,,,COL,FWD,,
176,1013975,Anton Tohill,Anton,Tohill,,,,,,COL,FWD,,
177,291790,Adam Treloar,Adam,Treloar,,,,,,COL,MID,,
178,250290,Travis Varcoe,Travis,Varcoe,,,,,,COL,FWD,,
179,1001448,Rupert Wills,Rupert,Wills,,,,,,COL,MID,,
180,993797,Thomas Wilson,Thomas,Wilson,,,,,,COL,FWD,,
181,295599,Patrick Ambrose,Patrick,Ambrose,,,,,,ESS,DEF,,
182,1005721,Josh Begley,Josh,Begley,,,,,,ESS,FWD,,
183,261320,Tom Bellchambers,Tom,Bellchambers,,,,,,ESS,RUC,,
184,1011954,Nick Bryan,Nick,Bryan,,,,,,ESS,RUC,,
185,1009223,Ned Cahill,Ned,Cahill,,,,,,ESS,MID FWD,,
186,998109,Dylan Clarke,Dylan,Clarke,,,,,,ESS,MID,,
187,297406,Tom Cutler,Tom,Cutler,,,,,,ESS,MID,,
188,294518,Joe Daniher,Joe,Daniher,,,,,,ESS,FWD,,
189,1005577,Sam Draper,Sam,Draper,,,,,,ESS,RUC,,
190,296334,Orazio Fantasia,Orazio,Fantasia,,,,,,ESS,FWD,,
191,990816,Aaron Francis,Aaron,Francis,,,,,,ESS,DEF,,
192,297438,Martin Gleeson,Martin,Gleeson,,,,,,ESS,DEF,,
193,1011864,Noah Gown,Noah,Gown,,,,,,ESS,FWD,,
194,996232,Matt Guelfi,Matt,Guelfi,,,,,,ESS,MID,,
195,1008190,Brayden Ham,Brayden,Ham,,,,,,ESS,FWD MID,,
196,290629,Dyson Heppell,Dyson,Heppell,,,,,,ESS,MID,,
197,298407,Mitchell Hibberd,Mitchell,Hibberd,,,,,,ESS,MID,,
198,270588,Cale Hooker,Cale,Hooker,,,,,,ESS,DEF,,
199,270935,Michael Hurley,Michael,Hurley,,,,,,ESS,DEF,,
200,1006506,Lachlan Johnson,Lachlan,Johnson,,,,,,ESS,MID FWD,,
201,1011755,Harrison Jones,Harrison,Jones,,,,,,ESS,FWD,,
202,298630,Kyle Langford,Kyle,Langford,,,,,,ESS,FWD MID,,
203,298280,Jayden Laverde,Jayden,Laverde,,,,,,ESS,FWD,,
204,1018969,Cian McBride,Cian,McBride,,,,,,ESS,DEF,,
205,294092,Anthony McDonald-Tipungwuti,Anthony,McDonald-Tipungwuti,,,,,,ESS,FWD,,
206,998102,Andrew McGrath,Andrew,McGrath,,,,,,ESS,MID,,
207,997846,Conor McKenna,Conor,McKenna,,,,,,ESS,DEF,,
208,280038,Shaun McKernan,Shaun,McKernan,,,,,,ESS,FWD,,
209,1019156,Ross McQuillan,Ross,McQuillan,,,,,,ESS,DEF FWD,,
210,992016,Zach Merrett,Zach,Merrett,,,,,,ESS,MID,,
211,1006097,Irving Mosquito,Irving,Mosquito,,,,,,ESS,FWD,,
212,998212,Kobe Mutch,Kobe,Mutch,,,,,,ESS,MID,,
213,993817,Darcy Parish,Darcy,Parish,,,,,,ESS,FWD MID,,
214,294068,Andrew Phillips,Andrew,Phillips,,,,,,ESS,RUC,,
215,997078,Mason Redman,Mason,Redman,,,,,,ESS,DEF,,
216,1001026,Jordan Ridley,Jordan,Ridley,,,,,,ESS,DEF,,
217,295461,Adam Saad,Adam,Saad,,,,,,ESS,DEF,,
218,291783,Dylan Shiel,Dylan,Shiel,,,,,,ESS,MID,,
219,291771,Devon Smith,Devon,Smith,,,,,,ESS,FWD MID,,
220,990606,William Snelling,William,Snelling,,,,,,ESS,FWD,,
221,294654,James Stewart,James,Stewart,,,,,,ESS,FWD,,
222,293884,Jake Stringer,Jake,Stringer,,,,,,ESS,FWD,,
223,291891,Jacob Townsend,Jacob,Townsend,,,,,,ESS,FWD,,
224,270951,David Zaharakis,David,Zaharakis,,,,,,ESS,MID,,
225,1004034,Brandon Zerk-Thatcher,Brandon,Zerk-Thatcher,,,,,,ESS,DEF,,
226,296294,Blake Acres,Blake,Acres,,,,,,FRE,FWD MID,,
227,295067,James Aish,James,Aish,,,,,,FRE,DEF,,
228,998180,Bailey Banfield,Bailey,Banfield,,,,,,FRE,FWD,,
229,296371,Brett Bewley,Brett,Bewley,,,,,,FRE,FWD,,
230,298450,Connor Blakely,Connor,Blakely,,,,,,FRE,DEF,,
231,1002232,Andrew Brayshaw,Andrew,Brayshaw,,,,,,FRE,FWD MID,,
232,1017984,Isaiah Butters,Isaiah,Butters,,,,,,FRE,FWD,,
233,1006151,Jason Carter,Jason,Carter,,,,,,FRE,DEF,,
234,1002239,Adam Cerra,Adam,Cerra,,,,,,FRE,DEF,,
235,280988,Travis Colyer,Travis,Colyer,,,,,,FRE,FWD,,
236,290823,Reece Conca,Reece,Conca,,,,,,FRE,MID,,
237,997033,Brennan Cox,Brennan,Cox,,,,,,FRE,FWD,,
238,1002353,Mitchell Crowden,Mitchell,Crowden,,,,,,FRE,FWD,,
239,998145,Sean Darcy,Sean,Darcy,,,,,,FRE,RUC,,
240,1002372,Hugh Dixon,Hugh,Dixon,,,,,,FRE,FWD,,
241,998115,Taylin Duman,Taylin,Duman,,,,,,FRE,DEF,,
242,999321,Minairo Frederick,Minairo,Frederick,,,,,,FRE,FWD,,
243,291570,Nat Fyfe,Nat,Fyfe,,,,,,FRE,MID,,
244,1002354,Stefan Giro,Stefan,Giro,,,,,,FRE,MID,,
245,295222,Joel Hamling,Joel,Hamling,,,,,,FRE,DEF,,
246,1005988,Liam Henry,Liam,Henry,,,,,,FRE,MID FWD,,
247,280336,Stephen Hill,Stephen,Hill,,,,,,FRE,DEF FWD,,
248,296324,Jesse Hogan,Jesse,Hogan,,,,,,FRE,FWD,,
249,996580,Ethan Hughes,Ethan,Hughes,,,,,,FRE,DEF,,
250,990740,Rory Lobb,Rory,Lobb,,,,,,FRE,RUC,,
251,997933,Griffin Logue,Griffin,Logue,,,,,,FRE,DEF,,
252,290817,Brandon Matera,Brandon,Matera,,,,,,FRE,FWD,,
253,995192,Cam McCarthy,Cam,McCarthy,,,,,,FRE,FWD,,
254,1000980,Lloyd Meek,Lloyd,Meek,,,,,,FRE,RUC,,
255,240052,David Mundy,David,Mundy,,,,,,FRE,MID,,
256,1003132,Tom North,Tom,North,,,,,,FRE,MID,,
257,1005831,Dillon O'Reilly,Dillon,O'Reilly,,,,,,FRE,DEF,,
258,298409,Alex Pearce,Alex,Pearce,,,,,,FRE,DEF,,
259,1007854,Jarvis Pina,Jarvis,Pina,,,,,,FRE,DEF MID,,
260,998659,Luke Ryan,Luke,Ryan,,,,,,FRE,DEF,,
261,1000860,Lachlan Schultz,Lachlan,Schultz,,,,,,FRE,FWD,,
262,1009420,Caleb Serong,Caleb,Serong,,,,,,FRE,MID,,
263,1013611,Sam Sturt,Sam,Sturt,,,,,,FRE,FWD,,
264,992059,Sam Switkowski,Sam,Switkowski,,,,,,FRE,FWD,,
265,293854,Matt Taberner,Matt,Taberner,,,,,,FRE,FWD,,
266,1009381,Leno Thomas,Leno,Thomas,,,,,,FRE,DEF,,
267,993816,Darcy Tucker,Darcy,Tucker,,,,,,FRE,FWD MID,,
268,1004850,Luke Valente,Luke,Valente,,,,,,FRE,MID,,
269,281007,Michael Walters,Michael,Walters,,,,,,FRE,FWD MID,,
270,1004437,Tobe Watson,Tobe,Watson,,,,,,FRE,DEF,,
271,294125,Nathan Wilson,Nathan,Wilson,,,,,,FRE,DEF,,
272,1009256,Hayden Young,Hayden,Young,,,,,,FRE,DEF,,
273,998130,Ben Ainsworth,Ben,Ainsworth,,,,,,GCS,FWD MID,,
274,1009199,Noah Anderson,Noah,Anderson,,,,,,GCS,MID,,
275,1008882,Charlie Ballard,Charlie,Ballard,,,,,,GCS,DEF,,
276,998260,Jack Bowes,Jack,Bowes,,,,,,GCS,MID,,
277,998129,Will Brodie,Will,Brodie,,,,,,GCS,MID,,
278,1008454,Connor Budarick,Connor,Budarick,,,,,,GCS,MID FWD,,
279,1000068,Christopher Burgess,Christopher,Burgess,,,,,,GCS,DEF,,
280,295446,Sam Collins,Sam,Collins,,,,,,GCS,DEF,,
281,1009334,Matthew Conroy,Matthew,Conroy,,,,,,GCS,RUC,,
282,1005547,Joshua Corbett,Joshua,Corbett,,,,,,GCS,FWD,,
283,1002331,Jacob Dawson,Jacob,Dawson,,,,,,GCS,DEF,,
284,291753,Sam Day,Sam,Day,,,,,,GCS,FWD,,
285,293713,Brandon Ellis,Brandon,Ellis,,,,,,GCS,MID,,
286,991953,Corey Ellis,Corey,Ellis,,,,,,GCS,DEF,,
287,999715,Jy Farrar,Jy,Farrar,,,,,,GCS,FWD,,
288,993799,Brayden Fiorini,Brayden,Fiorini,,,,,,GCS,MID,,
289,1009260,Sam Flanders,Sam,Flanders,,,,,,GCS,MID FWD,,
290,1006110,Sam Fletcher,Sam,Fletcher,,,,,,GCS,MID,,
291,1006087,Caleb Graham,Caleb,Graham,,,,,,GCS,DEF,,
292,281091,Hugh Greenwood,Hugh,Greenwood,,,,,,GCS,FWD MID,,
293,270512,Pearce Hanley,Pearce,Hanley,,,,,,GCS,DEF,,
294,240254,Jarrod Harbrow,Jarrod,Harbrow,,,,,,GCS,DEF,,
295,1002328,Jacob Heron,Jacob,Heron,,,,,,GCS,FWD,,
296,297456,Nick Holman,Nick,Holman,,,,,,GCS,FWD,,
297,291964,Jack Hombsch,Jack,Hombsch,,,,,,GCS,DEF,,
298,293255,George Horlin-Smith,George,Horlin-Smith,,,,,,GCS,DEF MID,,
299,996064,Jesse Joyce,Jesse,Joyce,,,,,,GCS,DEF,,
300,1006144,Ben King,Ben,King,,,,,,GCS,FWD,,
301,294013,Sean Lemmens,Sean,Lemmens,,,,,,GCS,FWD MID,,
302,1004095,Jack Lukosius,Jack,Lukosius,,,,,,GCS,DEF FWD,,
303,996464,Darcy MacPherson,Darcy,MacPherson,,,,,,GCS,FWD MID,,
304,1000044,Jez McLennan,Jez,McLennan,,,,,,GCS,DEF,,
305,290671,Anthony Miles,Anthony,Miles,,,,,,GCS,MID,,
306,298272,Touk Miller,Touk,Miller,,,,,,GCS,MID,,
307,295942,Jordan Murdoch,Jordan,Murdoch,,,,,,GCS,DEF,,
308,1016116,Patrick Murtagh,Patrick,Murtagh,,,,,,GCS,FWD,,
309,1007881,Wil Powell,Wil,Powell,,,,,,GCS,MID,,
310,1001195,Izak Rankine,Izak,Rankine,,,,,,GCS,FWD,,
311,1006108,Mitchell Riordan,Mitchell,Riordan,,,,,,GCS,MID,,
312,1005986,Malcolm Rosas,Malcolm,Rosas,,,,,,GCS,FWD,,
313,1009208,Matthew Rowell,Matthew,Rowell,,,,,,GCS,MID,,
314,998511,Josh Schoenfeld,Josh,Schoenfeld,,,,,,GCS,FWD,,
315,294643,Alex Sexton,Alex,Sexton,,,,,,GCS,FWD,,
316,1009380,Jeremy Sharp,Jeremy,Sharp,,,,,,GCS,MID,,
317,280722,Zac Smith,Zac,Smith,,,,,,GCS,RUC,,
318,290832,David Swallow,David,Swallow,,,,,,GCS,MID,,
319,281075,Rory Thompson,Rory,Thompson,,,,,,GCS,DEF,,
320,1019157,Luke Towey,Luke,Towey,,,,,,GCS,DEF,,
321,298524,Lachie Weller,Lachie,Weller,,,,,,GCS,DEF,,
322,291975,Jarrod Witts,Jarrod,Witts,,,,,,GCS,RUC,,
323,298289,Peter Wright,Peter,Wright,,,,,,GCS,FWD,,
324,220001,Gary Ablett,Gary,Ablett,,,,,,GEE,FWD,,
325,994386,Tom Atkins,Tom,Atkins,,,,,,GEE,FWD,,
326,293883,Jed Bews,Jed,Bews,,,,,,GEE,DEF,,
327,296733,Mark Blicavs,Mark,Blicavs,,,,,,GEE,DEF,,
328,1006101,Oscar Brownless,Oscar,Brownless,,,,,,GEE,FWD,,
329,1006152,Jordan Clark,Jordan,Clark,,,,,,GEE,MID,,
330,999326,Bradley Close,Bradley,Close,,,,,,GEE,MID FWD,,
331,298336,Nakia Cockatoo,Nakia,Cockatoo,,,,,,GEE,MID FWD,,
332,1002242,Charlie Constable,Charlie,Constable,,,,,,GEE,MID,,
333,291526,Luke Dahlhaus,Luke,Dahlhaus,,,,,,GEE,FWD,,
334,270917,Patrick Dangerfield,Patrick,Dangerfield,,,,,,GEE,MID,,
335,1009229,Sam De Koning,Sam,De Koning,,,,,,GEE,DEF,,
336,281065,Mitch Duncan,Mitch,Duncan,,,,,,GEE,MID,,
337,1017255,Francis Evans,Francis,Evans,,,,,,GEE,FWD,,
338,1002228,Lachie Fogarty,Lachie,Fogarty,,,,,,GEE,MID,,
339,298211,Darcy Fort,Darcy,Fort,,,,,,GEE,FWD,,
340,290550,Cameron Guthrie,Cameron,Guthrie,,,,,,GEE,MID,,
341,1004870,Zach Guthrie,Zach,Guthrie,,,,,,GEE,DEF,,
342,261510,Tom Hawkins,Tom,Hawkins,,,,,,GEE,FWD,,
343,270326,Lachlan Henderson,Lachlan,Henderson,,,,,,GEE,DEF,,
344,1000937,Jack Henry,Jack,Henry,,,,,,GEE,DEF,,
345,1008940,Ben Jarvis,Ben,Jarvis,,,,,,GEE,DEF,,
346,294828,Josh Jenkins,Josh,Jenkins,,,,,,GEE,FWD,,
347,1004681,Jacob Kennerley,Jacob,Kennerley,,,,,,GEE,DEF,,
348,296291,Jake Kolodjashnij,Jake,Kolodjashnij,,,,,,GEE,DEF,,
349,997254,Nathan Kreuger,Nathan,Kreuger,,,,,,GEE,FWD,,
350,294199,Sam Menegola,Sam,Menegola,,,,,,GEE,MID,,
351,1004938,Gryan Miers,Gryan,Miers,,,,,,GEE,FWD,,
352,999824,Quinton Narkle,Quinton,Narkle,,,,,,GEE,MID,,
353,1007102,Mark O'Connor,Mark,O'Connor,,,,,,GEE,DEF,,
354,1013977,Stefan Okunbor,Stefan,Okunbor,,,,,,GEE,DEF,,
355,298419,Brandan Parfitt,Brandan,Parfitt,,,,,,GEE,FWD MID,,
356,993798,James Parsons,James,Parsons,,,,,,GEE,MID,,
357,1002220,Esava Ratugolea,Esava,Ratugolea,,,,,,GEE,FWD,,
358,291357,Gary Rohan,Gary,Rohan,,,,,,GEE,FWD,,
359,1008202,Blake Schlensog,Blake,Schlensog,,,,,,GEE,FWD,,
360,250321,Joel Selwood,Joel,Selwood,,,,,,GEE,MID,,
361,1004940,Sam Simpson,Sam,Simpson,,,,,,GEE,MID,,
362,280317,Rhys Stanley,Rhys,Stanley,,,,,,GEE,RUC,,
363,1004948,Cooper Stephens,Cooper,Stephens,,,,,,GEE,MID,,
364,270912,Jack Steven,Jack,Steven,,,,,,GEE,FWD MID,,
365,291800,Tom Stewart,Tom,Stewart,,,,,,GEE,DEF,,
366,1008603,Cameron Taheny,Cameron,Taheny,,,,,,GEE,FWD,,
367,999382,Jake Tarca,Jake,Tarca,,,,,,GEE,FWD,,
368,261497,Harry Taylor,Harry,Taylor,,,,,,GEE,DEF,,
369,292511,Zach Tuohy,Zach,Tuohy,,,,,,GEE,DEF,,
370,1009253,Lachlan Ash,Lachlan,Ash,,,,,,GWS,DEF MID,,
371,1008436,Kieren Briggs,Kieren,Briggs,,,,,,GWS,DEF FWD,,
372,1014038,Callum M. Brown,Callum M.,Brown,,,,,,GWS,DEF,,
373,1009708,Jack Buckley,Jack,Buckley,,,,,,GWS,FWD MID,,
374,291797,Matt Buntine,Matt,Buntine,,,,,,GWS,DEF FWD,,
375,1006103,Jye Caldwell,Jye,Caldwell,,,,,,GWS,MID,,
376,293845,Jeremy Cameron,Jeremy,Cameron,,,,,,GWS,FWD,,
377,291969,Stephen Coniglio,Stephen,Coniglio,,,,,,GWS,MID,,
378,294508,Aidan Corr,Aidan,Corr,,,,,,GWS,DEF,,
379,1001396,Isaac Cumming,Isaac,Cumming,,,,,,GWS,DEF,,
380,1002251,Brent Daniels,Brent,Daniels,,,,,,GWS,FWD,,
381,280804,Phil Davis,Phil,Davis,,,,,,GWS,DEF,,
382,271015,Matt de Boer,Matt,de Boer,,,,,,GWS,MID,,
383,298111,Jeremy Finlayson,Jeremy,Finlayson,,,,,,GWS,FWD,,
384,993902,Matthew Flynn,Matthew,Flynn,,,,,,GWS,RUC,,
385,1009528,Tom Green,Tom,Green,,,,,,GWS,MID,,
386,295344,Toby Greene,Toby,Greene,,,,,,GWS,FWD,,
387,999309,Jackson Hately,Jackson,Hately,,,,,,GWS,MID,,
388,295265,Nick Haynes,Nick,Haynes,,,,,,GWS,DEF,,
389,1006148,Ian Hill,Ian,Hill,,,,,,GWS,FWD,,
390,993107,Harry Himmelberg,Harry,Himmelberg,,,,,,GWS,FWD,,
391,993903,Jacob Hopper,Jacob,Hopper,,,,,,GWS,MID,,
392,296984,Tom Hutchesson,Tom,Hutchesson,,,,,,GWS,MID FWD,,
393,1008083,Connor Idun,Connor,Idun,,,,,,GWS,DEF,,
394,270811,Sam Jacobs,Sam,Jacobs,,,,,,GWS,RUC,,
395,290314,Lachlan Keeffe,Lachlan,Keeffe,,,,,,GWS,DEF FWD,,
396,296347,Josh Kelly,Josh,Kelly,,,,,,GWS,MID,,
397,291509,Adam Kennedy,Adam,Kennedy,,,,,,GWS,DEF,,
398,1004286,Zac Langdon,Zac,Langdon,,,,,,GWS,FWD,,
399,290675,Daniel Lloyd,Daniel,Lloyd,,,,,,GWS,FWD,,
400,280762,Shane Mumford,Shane,Mumford,,,,,,GWS,RUC,,
401,1006135,Xavier O'Halloran,Xavier,O'Halloran,,,,,,GWS,MID,,
402,998205,Harry Perryman,Harry,Perryman,,,,,,GWS,MID,,
403,261374,Sam J. Reid,Sam J.,Reid,,,,,,GWS,DEF,,
404,1008123,Jake Riccardi,Jake,Riccardi,,,,,,GWS,FWD,,
405,240700,Heath Shaw,Heath,Shaw,,,,,,GWS,DEF,,
406,291792,Tommy Sheridan,Tommy,Sheridan,,,,,,GWS,MID,,
407,1002296,Nick Shipley,Nick,Shipley,,,,,,GWS,MID,,
408,998225,Zach Sproule,Zach,Sproule,,,,,,GWS,FWD,,
409,1007238,Jake Stein,Jake,Stein,,,,,,GWS,DEF,,
410,998172,Tim Taranto,Tim,Taranto,,,,,,GWS,MID,,
411,1005247,Sam Taylor,Sam,Taylor,,,,,,GWS,DEF,,
412,280109,Callan Ward,Callan,Ward,,,,,,GWS,MID,,
413,294305,Lachie Whitfield,Lachie,Whitfield,,,,,,GWS,FWD MID,,
414,294685,Zac Williams,Zac,Williams,,,,,,GWS,DEF,,
415,280744,Luke Breust,Luke,Breust,,,,,,HAW,FWD,,
416,210012,Shaun Burgoyne,Shaun,Burgoyne,,,,,,HAW,DEF,,
417,291327,Jonathon Ceglar,Jonathon,Ceglar,,,,,,HAW,RUC FWD,,
418,1000959,James Cousins,James,Cousins,,,,,,HAW,MID,,
419,1008550,Will Day,Will,Day,,,,,,HAW,DEF,,
420,260288,James Frawley,James,Frawley,,,,,,HAW,DEF,,
421,293738,Sam Frost,Sam,Frost,,,,,,HAW,DEF,,
422,1003547,Conor Glass,Conor,Glass,,,,,,HAW,DEF,,
423,1006128,Will Golds,Will,Golds,,,,,,HAW,FWD MID,,
424,1006159,Damon Greaves,Damon,Greaves,,,,,,HAW,DEF,,
425,291351,Jack Gunston,Jack,Gunston,,,,,,HAW,FWD,,
426,1001043,Oliver Hanrahan,Oliver,Hanrahan,,,,,,HAW,FWD,,
427,993794,Blake Hardwick,Blake,Hardwick,,,,,,HAW,DEF,,
428,294077,Michael Hartley,Michael,Hartley,,,,,,HAW,DEF,,
429,291201,Ricky Henderson,Ricky,Henderson,,,,,,HAW,MID,,
430,992462,Daniel Howe,Daniel,Howe,,,,,,HAW,DEF MID,,
431,296254,Jarman Impey,Jarman,Impey,,,,,,HAW,DEF,,
432,1005150,Emerson Jeka,Emerson,Jeka,,,,,,HAW,FWD,,
433,998390,Changkuoth Jiath,Changkuoth,Jiath,,,,,,HAW,DEF,,
434,1004991,Harrison Jones,Harrison,Jones,,,,,,HAW,MID,,
435,1006030,Jacob Koschitzke,Jacob,Koschitzke,,,,,,HAW,DEF,,
436,1000887,Mitch Lewis,Mitch,Lewis,,,,,,HAW,FWD,,
437,1009421,Finn Maginness,Finn,Maginness,,,,,,HAW,MID,,
438,261323,Ben McEvoy,Ben,McEvoy,,,,,,HAW,RUC,,
439,291856,Tom Mitchell,Tom,Mitchell,,,,,,HAW,MID,,
440,1006314,Dylan Moore,Dylan,Moore,,,,,,HAW,FWD,,
441,1008537,Josh Morris,Josh,Morris,,,,,,HAW,FWD,,
442,1000963,Harry Morrison,Harry,Morrison,,,,,,HAW,FWD MID,,
443,1007124,Conor Nash,Conor,Nash,,,,,,HAW,FWD,,
444,296041,Tim O'Brien,Tim,O'Brien,,,,,,HAW,DEF FWD,,
445,294613,Jaeger O'Meara,Jaeger,O'Meara,,,,,,HAW,MID,,
446,291821,Jonathon Patton,Jonathon,Patton,,,,,,HAW,RUC FWD,,
447,1011873,Harrison Pepper,Harrison,Pepper,,,,,,HAW,DEF,,
448,260710,Paul Puopolo,Paul,Puopolo,,,,,,HAW,FWD,,
449,1001024,Ned Reeves,Ned,Reeves,,,,,,HAW,RUC,,
450,1004919,Jackson Ross,Jackson,Ross,,,,,,HAW,FWD,,
451,998114,Jack Scrimshaw,Jack,Scrimshaw,,,,,,HAW,DEF,,
452,280969,Tom Scully,Tom,Scully,,,,,,HAW,MID,,
453,280737,Liam Shiels,Liam,Shiels,,,,,,HAW,MID,,
454,297566,James Sicily,James,Sicily,,,,,,HAW,DEF,,
455,294877,Isaac Smith,Isaac,Smith,,,,,,HAW,MID,,
456,280471,Ben Stratton,Ben,Stratton,,,,,,HAW,DEF,,
457,1002590,Mathew Walker,Mathew,Walker,,,,,,HAW,FWD,,
458,291962,Chad Wingard,Chad,Wingard,,,,,,HAW,FWD MID,,
459,1002222,James Worpel,James,Worpel,,,,,,HAW,MID,,
460,1008855,Oskar Baker,Oskar,Baker,,,,,,MEL,MID,,
461,1008139,Toby Bedford,Toby,Bedford,,,,,,MEL,FWD,,
462,1014081,Austin Bradtke,Austin,Bradtke,,,,,,MEL,RUC,,
463,298279,Angus Brayshaw,Angus,Brayshaw,,,,,,MEL,MID,,
464,290622,Mitch Brown,Mitch,Brown,,,,,,MEL,FWD,,
465,1005330,Kade Chandler,Kade,Chandler,,,,,,MEL,FWD,,
466,1006106,Kyle Dunkley,Kyle,Dunkley,,,,,,MEL,FWD MID,,
467,1001438,Bayley Fritsch,Bayley,Fritsch,,,,,,MEL,DEF FWD,,
468,290528,Max Gawn,Max,Gawn,,,,,,MEL,RUC,,
469,1001449,Mitch Hannan,Mitch,Hannan,,,,,,MEL,FWD,,
470,297899,James Harmes,James,Harmes,,,,,,MEL,MID,,
471,290160,Michael Hibberd,Michael,Hibberd,,,,,,MEL,DEF,,
472,996692,Marty Hore,Marty,Hore,,,,,,MEL,DEF,,
473,994385,Jayden Hunt,Jayden,Hunt,,,,,,MEL,FWD,,
474,1009399,Luke Jackson,Luke,Jackson,,,,,,MEL,RUC,,
475,281280,Neville Jetta,Neville,Jetta,,,,,,MEL,DEF,,
476,250222,Nathan Jones,Nathan,Jones,,,,,,MEL,DEF MID,,
477,1013409,James Jordon,James,Jordon,,,,,,MEL,MID,,
478,296209,Kade Kolodjashnij,Kade,Kolodjashnij,,,,,,MEL,MID,,
479,1008541,Kysaiah Kropinyeri-Pickett,Kysaiah,Kropinyeri-Pickett,,,,,,MEL,FWD,,
480,298264,Ed Langdon,Ed,Langdon,,,,,,MEL,MID,,
481,298281,Jake Lever,Jake,Lever,,,,,,MEL,DEF,,
482,298390,Jay Lockhart,Jay,Lockhart,,,,,,MEL,FWD,,
483,281085,Steven May,Steven,May,,,,,,MEL,DEF,,
484,992472,Oscar McDonald,Oscar,McDonald,,,,,,MEL,DEF,,
485,291533,Tom McDonald,Tom,McDonald,,,,,,MEL,FWD,,
486,280824,Jake Melksham,Jake,Melksham,,,,,,MEL,FWD,,
487,296420,Alex Neal-Bullen,Alex,Neal-Bullen,,,,,,MEL,FWD,,
488,1004695,Aaron Nietschke,Aaron,Nietschke,,,,,,MEL,MID,,
489,996701,Clayton Oliver,Clayton,Oliver,,,,,,MEL,MID,,
490,298210,Christian Petracca,Christian,Petracca,,,,,,MEL,FWD,,
491,1008893,Harrison Petty,Harrison,Petty,,,,,,MEL,DEF FWD,,
492,992644,Braydon Preuss,Braydon,Preuss,,,,,,MEL,RUC FWD,,
493,1009378,Trent Rivers,Trent,Rivers,,,,,,MEL,DEF MID,,
494,296359,Christian Salem,Christian,Salem,,,,,,MEL,DEF,,
495,1003546,Joel Smith,Joel,Smith,,,,,,MEL,DEF,,
496,1002282,Charlie Spargo,Charlie,Spargo,,,,,,MEL,FWD,,
497,999391,Tom Sparrow,Tom,Sparrow,,,,,,MEL,FWD,,
498,291819,Adam Tomlinson,Adam,Tomlinson,,,,,,MEL,MID,,
499,297990,Aaron vandenBerg,Aaron,vandenBerg,,,,,,MEL,FWD MID,,
500,291902,Jack Viney,Jack,Viney,,,,,,MEL,MID,,
501,993940,Corey Wagner,Corey,Wagner,,,,,,MEL,FWD MID,,
502,294675,Josh Wagner,Josh,Wagner,,,,,,MEL,DEF,,
503,993806,Sam Weideman,Sam,Weideman,,,,,,MEL,FWD,,
504,298271,Paul Ahern,Paul,Ahern,,,,,,NTH,DEF MID,,
505,291861,Jed Anderson,Jed,Anderson,,,,,,NTH,MID,,
506,290787,Shaun Atley,Shaun,Atley,,,,,,NTH,DEF,,
507,1004894,Aiden Bonar,Aiden,Bonar,,,,,,NTH,MID FWD,,
508,291867,Ben Brown,Ben,Brown,,,,,,NTH,FWD,,
509,290246,Tom Campbell,Tom,Campbell,,,,,,NTH,RUC FWD,,
510,1015781,Charlie Comben,Charlie,Comben,,,,,,NTH,RUC FWD,,
511,1006138,Joel Crocker,Joel,Crocker,,,,,,NTH,DEF,,
512,280921,Ben Cunnington,Ben,Cunnington,,,,,,NTH,MID,,
513,1002267,Luke Davies-Uniacke,Luke,Davies-Uniacke,,,,,,NTH,FWD MID,,
514,290199,Majak Daw,Majak,Daw,,,,,,NTH,DEF,,
515,296035,Trent Dumont,Trent,Dumont,,,,,,NTH,MID,,
516,297767,Sam Durdin,Sam,Durdin,,,,,,NTH,DEF,,
517,296078,Taylor Garner,Taylor,Garner,,,,,,NTH,FWD,,
518,271129,Todd Goldstein,Todd,Goldstein,,,,,,NTH,RUC,,
519,296735,Aaron Hall,Aaron,Hall,,,,,,NTH,MID,,
520,998327,Kyron Hayden,Kyron,Hayden,,,,,,NTH,MID,,
521,260227,Shaun Higgins,Shaun,Higgins,,,,,,NTH,MID,,
522,1001351,Lachlan Hosie,Lachlan,Hosie,,,,,,NTH,FWD,,
523,290802,Ben Jacobs,Ben,Jacobs,,,,,,NTH,MID,,
524,1001017,Nick Larkey,Nick,Larkey,,,,,,NTH,FWD,,
525,290194,Jamie Macmillan,Jamie,Macmillan,,,,,,NTH,DEF,,
526,1009189,Jack Mahony,Jack,Mahony,,,,,,NTH,MID FWD,,
527,296355,Luke McDonald,Luke,McDonald,,,,,,NTH,DEF,,
528,1006653,Matthew McGuinness,Matthew,McGuinness,,,,,,NTH,DEF,,
529,1002143,Ben McKay,Ben,McKay,,,,,,NTH,DEF,,
530,1000905,Tom Murphy,Tom,Murphy,,,,,,NTH,DEF,,
531,1011771,Flynn Perez,Flynn,Perez,,,,,,NTH,DEF,,
532,290156,Jasper Pittard,Jasper,Pittard,,,,,,NTH,DEF,,
533,290738,Jared Polec,Jared,Polec,,,,,,NTH,MID,,
534,1006058,Bailey Scott,Bailey,Scott,,,,,,NTH,MID FWD,,
535,993998,Jy Simpkin,Jy,Simpkin,,,,,,NTH,FWD MID,,
536,270325,Robbie Tarrant,Robbie,Tarrant,,,,,,NTH,DEF,,
537,1006137,Curtis Taylor,Curtis,Taylor,,,,,,NTH,FWD,,
538,1005729,Tarryn Thomas,Tarryn,Thomas,,,,,,NTH,FWD,,
539,992499,Kayne Turner,Kayne,Turner,,,,,,NTH,FWD,,
540,291784,Dom Tyson,Dom,Tyson,,,,,,NTH,MID,,
541,298287,Ed Vickers-Willis,Ed,Vickers-Willis,,,,,,NTH,DEF,,
542,291550,Josh Walker,Josh,Walker,,,,,,NTH,DEF,,
543,1005084,Will Walker,Will,Walker,,,,,,NTH,FWD,,
544,295256,Marley Williams,Marley,Williams,,,,,,NTH,DEF,,
545,295340,Mason Wood,Mason,Wood,,,,,,NTH,FWD,,
546,1004965,Tristan Xerri,Tristan,Xerri,,,,,,NTH,RUC FWD,,
547,280944,Jack Ziebell,Jack,Ziebell,,,,,,NTH,FWD MID,,
548,998484,Cameron Zurhaar,Cameron,Zurhaar,,,,,,NTH,FWD,,
549,297354,Karl Amon,Karl,Amon,,,,,,PTA,MID,,
550,998126,Joe Atley,Joe,Atley,,,,,,PTA,MID,,
551,1009191,Miles Bergman,Miles,Bergman,,,,,,PTA,FWD,,
552,250365,Travis Boak,Travis,Boak,,,,,,PTA,MID,,
553,994599,Riley Bonner,Riley,Bonner,,,,,,PTA,DEF,,
554,1008531,Trent Burgoyne,Trent,Burgoyne,,,,,,PTA,FWD,,
555,992128,Ryan Burton,Ryan,Burton,,,,,,PTA,DEF,,
556,1006121,Zak Butters,Zak,Butters,,,,,,PTA,FWD,,
557,991930,Darcy Byrne-Jones,Darcy,Byrne-Jones,,,,,,PTA,DEF,,
558,294504,Tom Clurey,Tom,Clurey,,,,,,PTA,DEF,,
559,1002355,Tobin Cox,Tobin,Cox,,,,,,PTA,FWD,,
560,280711,Charlie Dixon,Charlie,Dixon,,,,,,PTA,FWD,,
561,1000972,Willem Drew,Willem,Drew,,,,,,PTA,MID,,
562,1006096,Xavier Duursma,Xavier,Duursma,,,,,,PTA,MID,,
563,261911,Brad Ebert,Brad,Ebert,,,,,,PTA,FWD,,
564,1002253,Kane Farrell,Kane,Farrell,,,,,,PTA,FWD,,
565,999320,Martin Frederick,Martin,Frederick,,,,,,PTA,DEF,,
566,998321,Joel Garner,Joel,Garner,,,,,,PTA,DEF,,
567,1010174,Mitchell Georgiades,Mitchell,Georgiades,,,,,,PTA,FWD,,
568,261396,Robbie Gray,Robbie,Gray,,,,,,PTA,FWD MID,,
569,1004829,Riley Grundy,Riley,Grundy,,,,,,PTA,DEF,,
570,261892,Hamish Hartlett,Hamish,Hartlett,,,,,,PTA,DEF,,
571,1002248,Sam Hayes,Sam,Hayes,,,,,,PTA,RUC,,
572,994295,Dan Houston,Dan,Houston,,,,,,PTA,DEF MID,,
573,292145,Tom Jonas,Tom,Jonas,,,,,,PTA,DEF,,
574,997142,Peter Ladhams,Peter,Ladhams,,,,,,PTA,RUC FWD,,
575,293987,Jarrod Lienert,Jarrod,Lienert,,,,,,PTA,DEF,,
576,290746,Scott Lycett,Scott,Lycett,,,,,,PTA,RUC,,
577,1004998,Todd Marshall,Todd,Marshall,,,,,,PTA,FWD,,
578,293603,Sam Mayes,Sam,Mayes,,,,,,PTA,MID,,
579,290527,Trent McKenzie,Trent,McKenzie,,,,,,PTA,DEF,,
580,1005326,Jackson Mead,Jackson,Mead,,,,,,PTA,MID,,
581,280990,Steven Motlop,Steven,Motlop,,,,,,PTA,FWD,,
582,1009389,Jake Pasini,Jake,Pasini,,,,,,PTA,DEF,,
583,1002392,Jake Patmore,Jake,Patmore,,,,,,PTA,FWD MID,,
584,993979,Sam Powell-Pepper,Sam,Powell-Pepper,,,,,,PTA,FWD MID,,
585,270919,Tom Rockliff,Tom,Rockliff,,,,,,PTA,MID,,
586,1001299,Connor Rozee,Connor,Rozee,,,,,,PTA,FWD,,
587,290733,Cameron Sutcliffe,Cameron,Sutcliffe,,,,,,PTA,FWD,,
588,280972,Jack Watts,Jack,Watts,,,,,,PTA,DEF,,
589,260750,Justin Westhoff,Justin,Westhoff,,,,,,PTA,FWD MID,,
590,1009195,Dylan Williams,Dylan,Williams,,,,,,PTA,MID FWD,,
591,294318,Ollie Wines,Ollie,Wines,,,,,,PTA,MID,,
592,999346,Boyd Woodcock,Boyd,Woodcock,,,,,,PTA,FWD,,
593,992786,Jake Aarts,Jake,Aarts,,,,,,RIC,FWD,,
594,290198,David Astbury,David,Astbury,,,,,,RIC,DEF,,
595,1000223,Liam Baker,Liam,Baker,,,,,,RIC,DEF FWD,,
596,1002245,Noah Balta,Noah,Balta,,,,,,RIC,RUC FWD,,
597,993993,Shai Bolton,Shai,Bolton,,,,,,RIC,FWD,,
598,295203,Nathan Broad,Nathan,Broad,,,,,,RIC,DEF,,
599,290623,Josh Caddy,Josh,Caddy,,,,,,RIC,FWD MID,,
600,991933,Jason Castagna,Jason,Castagna,,,,,,RIC,FWD,,
601,994077,Mabior Chol,Mabior,Chol,,,,,,RIC,RUC FWD,,
602,1000061,Callum Coleman-Jones,Callum,Coleman-Jones,,,,,,RIC,RUC FWD,,
603,1008297,Riley Collier-Dawkins,Riley,Collier-Dawkins,,,,,,RIC,MID,,
604,270896,Trent Cotchin,Trent,Cotchin,,,,,,RIC,MID,,
605,1009308,Noah Cumberland,Noah,Cumberland,,,,,,RIC,MID FWD,,
606,1009226,Thomson Dow,Thomson,Dow,,,,,,RIC,MID,,
607,260930,Shane Edwards,Shane,Edwards,,,,,,RIC,DEF MID,,
608,1006276,Derek Eggmolesse-Smith,Derek,Eggmolesse-Smith,,,,,,RIC,DEF,,
609,1006536,Luke English,Luke,English,,,,,,RIC,FWD MID,,
610,998218,Ryan Garthwaite,Ryan,Garthwaite,,,,,,RIC,DEF,,
611,990827,Jack Graham,Jack,Graham,,,,,,RIC,MID,,
612,280819,Dylan Grimes,Dylan,Grimes,,,,,,RIC,DEF,,
613,1002227,Jack Higgins,Jack,Higgins,,,,,,RIC,FWD,,
614,250312,Bachar Houli,Bachar,Houli,,,,,,RIC,DEF,,
615,290032,Kane Lambert,Kane,Lambert,,,,,,RIC,FWD,,
616,293813,Tom J. Lynch,Tom J.,Lynch,,,,,,RIC,FWD,,
617,298358,Oleg Markov,Oleg,Markov,,,,,,RIC,MID,,
618,290847,Dustin Martin,Dustin,Martin,,,,,,RIC,FWD MID,,
619,1009313,Will Martyn,Will,Martyn,,,,,,RIC,MID,,
620,294592,Kamdyn McIntosh,Kamdyn,McIntosh,,,,,,RIC,MID,,
621,1002403,Ben Miller,Ben,Miller,,,,,,RIC,DEF,,
622,1002231,Patrick Naish,Patrick,Naish,,,,,,RIC,MID,,
623,298174,Toby Nankervis,Toby,Nankervis,,,,,,RIC,RUC,,
624,1006193,Bigoa Nyuon,Bigoa,Nyuon,,,,,,RIC,DEF RUC,,
625,993771,Marlion Pickett,Marlion,Pickett,,,,,,RIC,MID,,
626,290627,Dion Prestia,Dion,Prestia,,,,,,RIC,MID,,
627,1011985,Hugo Ralphsmith,Hugo,Ralphsmith,,,,,,RIC,MID FWD,,
629,250395,Jack Riewoldt,Jack,Riewoldt,,,,,,RIC,FWD,,
630,1000981,Daniel Rioli,Daniel,Rioli,,,,,,RIC,FWD,,
631,1006133,Jack Ross,Jack,Ross,,,,,,RIC,MID,,
632,992049,Jayden Short,Jayden,Short,,,,,,RIC,DEF,,
633,998529,Ivan Soldo,Ivan,Soldo,,,,,,RIC,RUC,,
634,1002583,Sydney Stack,Sydney,Stack,,,,,,RIC,DEF,,
635,1006208,Fraser Turner,Fraser,Turner,,,,,,RIC,MID,,
636,294674,Nick Vlastuin,Nick,Vlastuin,,,,,,RIC,DEF,,
637,1005530,Ryan Abbott,Ryan,Abbott,,,,,,STK,RUC,,
638,1013976,Sam Alabakis,Sam,Alabakis,,,,,,STK,RUC,,
639,298091,Logan Austin,Logan,Austin,,,,,,STK,DEF,,
640,998134,Josh Battle,Josh,Battle,,,,,,STK,DEF,,
641,1009221,Jack Bell,Jack,Bell,,,,,,STK,RUC,,
642,296351,Jack Billings,Jack,Billings,,,,,,STK,MID,,
643,260310,Nathan Brown,Nathan,Brown,,,,,,STK,DEF,,
644,992374,Dan Butler,Dan,Butler,,,,,,STK,FWD,,
645,1011994,Ryan Byrnes,Ryan,Byrnes,,,,,,STK,MID,,
646,1002922,Jack Bytel,Jack,Bytel,,,,,,STK,MID,,
647,290641,Jake Carlisle,Jake,Carlisle,,,,,,STK,DEF,,
648,1002264,Hunter Clark,Hunter,Clark,,,,,,STK,DEF,,
649,1002266,Oscar Clavarino,Oscar,Clavarino,,,,,,STK,DEF,,
650,1005717,Nick Coffield,Nick,Coffield,,,,,,STK,DEF,,
651,1009228,Leo Connolly,Leo,Connolly,,,,,,STK,DEF MID,,
652,294429,Luke Dunstan,Luke,Dunstan,,,,,,STK,MID,,
653,260113,Jarryn Geary,Jarryn,Geary,,,,,,STK,DEF,,
654,298421,Jade Gresham,Jade,Gresham,,,,,,STK,FWD MID,,
655,290117,Dan Hannebery,Dan,Hannebery,,,,,,STK,MID,,
656,295584,Bradley Hill,Bradley,Hill,,,,,,STK,MID,,
657,297452,Nick Hind,Nick,Hind,,,,,,STK,FWD,,
658,993480,Dougal Howard,Dougal,Howard,,,,,,STK,DEF FWD,,
659,991988,Zak Jones,Zak,Jones,,,,,,STK,MID,,
660,1003520,Darragh Joyce,Darragh,Joyce,,,,,,STK,DEF,,
661,294570,Dean Kent,Dean,Kent,,,,,,STK,FWD,,
662,1006143,Max King,Max,King,,,,,,STK,FWD,,
663,1004989,Doulton Langlands,Doulton,Langlands,,,,,,STK,MID,,
664,993917,Ben Long,Ben,Long,,,,,,STK,FWD,,
665,992000,Jack Lonie,Jack,Lonie,,,,,,STK,FWD,,
666,990548,Jonathon Marsh,Jonathon,Marsh,,,,,,STK,DEF,,
667,992468,Rowan Marshall,Rowan,Marshall,,,,,,STK,RUC,,
668,1004360,Jack Mayo,Jack,Mayo,,,,,,STK,FWD,,
669,298265,Daniel McKenzie,Daniel,McKenzie,,,,,,STK,DEF,,
670,294596,Tim Membrey,Tim,Membrey,,,,,,STK,FWD,,
671,1000267,Matthew Parker,Matthew,Parker,,,,,,STK,FWD,,
672,1004985,Ben Paton,Ben,Paton,,,,,,STK,DEF,,
673,1002213,Ed Phillips,Ed,Phillips,,,,,,STK,MID,,
674,280933,Dylan Roberton,Dylan,Roberton,,,,,,STK,DEF,,
675,293846,Sebastian Ross,Sebastian,Ross,,,,,,STK,MID,,
676,250267,Paddy Ryder,Paddy,Ryder,,,,,,STK,RUC FWD,,
677,280858,Shane Savage,Shane,Savage,,,,,,STK,DEF,,
678,994389,Jack Sinclair,Jack,Sinclair,,,,,,STK,FWD MID,,
679,296205,Jack Steele,Jack,Steele,,,,,,STK,MID,,
680,290757,Jimmy Webster,Jimmy,Webster,,,,,,STK,DEF,,
681,296422,Callum Wilkie,Callum,Wilkie,,,,,,STK,DEF,,
682,294469,Aliir Aliir,Aliir,Aliir,,,,,,SYD,DEF,,
683,1008091,Joel Amartey,Joel,Amartey,,,,,,SYD,RUC,,
684,1002291,James Bell,James,Bell,,,,,,SYD,FWD MID,,
685,1006028,Nick Blakey,Nick,Blakey,,,,,,SYD,FWD,,
686,295156,Kaiden Brand,Kaiden,Brand,,,,,,SYD,DEF,,
687,996442,Ryan Clarke,Ryan,Clarke,,,,,,SYD,MID,,
688,291978,Harry Cunningham,Harry,Cunningham,,,,,,SYD,DEF,,
689,992242,Jordan Dawson,Jordan,Dawson,,,,,,SYD,DEF FWD,,
690,998103,Oliver Florent,Oliver,Florent,,,,,,SYD,MID,,
691,1011791,Zac Foot,Zac,Foot,,,,,,SYD,FWD MID,,
692,291848,Robbie Fox,Robbie,Fox,,,,,,SYD,DEF FWD,,
693,240399,Lance Franklin,Lance,Franklin,,,,,,SYD,FWD,,
694,1004113,Will Gould,Will,Gould,,,,,,SYD,DEF,,
695,290722,Sam Gray,Sam,Gray,,,,,,SYD,FWD,,
696,997100,Will Hayward,Will,Hayward,,,,,,SYD,FWD,,
697,298539,Isaac Heeney,Isaac,Heeney,,,,,,SYD,FWD MID,,
698,294036,George Hewett,George,Hewett,,,,,,SYD,MID,,
699,260382,Josh P. Kennedy,Josh P.,Kennedy,,,,,,SYD,MID,,
700,1012101,Michael Knoll,Michael,Knoll,,,,,,SYD,RUC,,
701,1004949,Matthew Ling,Matthew,Ling,,,,,,SYD,DEF,,
702,295342,Jake Lloyd,Jake,Lloyd,,,,,,SYD,DEF,,
703,998662,Jack Maibaum,Jack,Maibaum,,,,,,SYD,DEF,,
704,1008198,Tom McCartin,Tom,McCartin,,,,,,SYD,FWD,,
705,1011936,Justin McInerney,Justin,McInerney,,,,,,SYD,MID,,
706,1003203,Hayden McLean,Hayden,McLean,,,,,,SYD,RUC,,
707,996743,Lewis Melican,Lewis,Melican,,,,,,SYD,DEF,,
708,993905,Callum Mills,Callum,Mills,,,,,,SYD,DEF,,
709,298144,Sam Naismith,Sam,Naismith,,,,,,SYD,RUC,,
710,1019158,Barry O'Connor,Barry,O'Connor,,,,,,SYD,DEF FWD,,
711,997842,Colin O'Riordan,Colin,O'Riordan,,,,,,SYD,DEF,,
712,996765,Tom Papley,Tom,Papley,,,,,,SYD,FWD,,
713,290778,Luke Parker,Luke,Parker,,,,,,SYD,MID,,
714,290307,Dane Rampe,Dane,Rampe,,,,,,SYD,DEF,,
715,290188,Sam Reid,Sam,Reid,,,,,,SYD,FWD,,
716,1013624,Harry Reynolds,Harry,Reynolds,,,,,,SYD,DEF,,
717,1004880,Ben Ronke,Ben,Ronke,,,,,,SYD,FWD,,
718,1006126,James Rowbottom,James,Rowbottom,,,,,,SYD,FWD MID,,
719,1011789,Brady Rowles,Brady,Rowles,,,,,,SYD,DEF MID,,
720,294737,Callum Sinclair,Callum,Sinclair,,,,,,SYD,RUC,,
721,1004848,Dylan Stephens,Dylan,Stephens,,,,,,SYD,MID,,
722,1008080,Ryley Stoddart,Ryley,Stoddart,,,,,,SYD,DEF,,
723,1005997,Elijah Taylor,Elijah,Taylor,,,,,,SYD,MID FWD,,
724,296211,Lewis Taylor,Lewis,Taylor,,,,,,SYD,MID,,
725,294663,Jackson Thurlow,Jackson,Thurlow,,,,,,SYD,DEF,,
726,1012014,Chad Warner,Chad,Warner,,,,,,SYD,MID,,
727,1006232,Samuel Wicks,Samuel,Wicks,,,,,,SYD,MID,,
728,297373,Marcus Bontempelli,Marcus,Bontempelli,,,,,,WBD,MID,,
729,291492,Josh Bruce,Josh,Bruce,,,,,,WBD,FWD,,
730,1011992,Louis Butler,Louis,Butler,,,,,,WBD,DEF MID,,
731,296070,Ben Cavarra,Ben,Cavarra,,,,,,WBD,FWD,,
732,991939,Zaine Cordy,Zaine,Cordy,,,,,,WBD,DEF,,
733,293651,Hayden Crozier,Hayden,Crozier,,,,,,WBD,DEF,,
734,996708,Bailey Dale,Bailey,Dale,,,,,,WBD,FWD,,
735,295136,Caleb Daniel,Caleb,Daniel,,,,,,WBD,DEF,,
736,295712,Tory Dickson,Tory,Dickson,,,,,,WBD,FWD,,
737,993834,Josh Dunkley,Josh,Dunkley,,,,,,WBD,MID,,
738,290085,Taylor Duryea,Taylor,Duryea,,,,,,WBD,DEF,,
739,1004592,Tim English,Tim,English,,,,,,WBD,RUC,,
740,1006533,Riley Garcia,Riley,Garcia,,,,,,WBD,MID,,
741,997501,Ryan Gardner,Ryan,Gardner,,,,,,WBD,FWD,,
742,298277,Billy Gowers,Billy,Gowers,,,,,,WBD,FWD,,
743,1006303,Fergus Greene,Fergus,Greene,,,,,,WBD,FWD,,
744,991976,Will Hayes,Will,Hayes,,,,,,WBD,MID,,
745,294557,Lachie Hunter,Lachie,Hunter,,,,,,WBD,MID,,
746,294101,Jason Johannisen,Jason,Johannisen,,,,,,WBD,DEF,,
747,295313,Lin Jong,Lin,Jong,,,,,,WBD,MID,,
748,290797,Alex Keath,Alex,Keath,,,,,,WBD,DEF,,
749,998782,Buku Khamis,Buku,Khamis,,,,,,WBD,DEF,,
750,290799,Tom Liberatore,Tom,Liberatore,,,,,,WBD,MID,,
751,1003130,Patrick Lipinski,Patrick,Lipinski,,,,,,WBD,FWD MID,,
752,290073,Sam Lloyd,Sam,Lloyd,,,,,,WBD,FWD,,
753,994410,Brad Lynch,Brad,Lynch,,,,,,WBD,DEF,,
754,295467,Jack Macrae,Jack,Macrae,,,,,,WBD,MID,,
755,996483,Toby McLean,Toby,McLean,,,,,,WBD,FWD,,
756,1002404,Aaron Naughton,Aaron,Naughton,,,,,,WBD,FWD,,
757,1002383,Callum Porter,Callum,Porter,,,,,,WBD,MID,,
758,1008280,Ed Richards,Ed,Richards,,,,,,WBD,FWD MID,,
759,993841,Josh Schache,Josh,Schache,,,,,,WBD,FWD,,
760,1006130,Bailey Smith,Bailey,Smith,,,,,,WBD,FWD MID,,
761,992054,Roarke Smith,Roarke,Smith,,,,,,WBD,FWD MID,,
762,270732,Matthew Suckling,Matthew,Suckling,,,,,,WBD,DEF,,
763,992330,Jordon Sweet,Jordon,Sweet,,,,,,WBD,RUC,,
764,280013,Jackson Trengove,Jackson,Trengove,,,,,,WBD,DEF,,
765,1005000,Laitham Vandermeer,Laitham,Vandermeer,,,,,,WBD,FWD MID,,
766,291545,Mitch Wallis,Mitch,Wallis,,,,,,WBD,FWD MID,,
767,1011803,Cody Weightman,Cody,Weightman,,,,,,WBD,FWD,,
768,1006127,Rhylee West,Rhylee,West,,,,,,WBD,FWD,,
769,992351,Bailey Williams,Bailey,Williams,,,,,,WBD,DEF,,
770,281139,Easton Wood,Easton,Wood,,,,,,WBD,DEF,,
771,1004909,Lachlan Young,Lachlan,Young,,,,,,WBD,DEF,,
772,997316,Lewis Young,Lewis,Young,,,,,,WBD,DEF,,
773,291947,Brendon Ah Chee,Brendon,Ah Chee,,,,,,WCE,MID,,
774,1004356,Brayden Ainsworth,Brayden,Ainsworth,,,,,,WCE,MID,,
775,1004385,Oscar Allen,Oscar,Allen,,,,,,WCE,FWD,,
776,990290,Tom Barrass,Tom,Barrass,,,,,,WCE,DEF,,
777,1002300,Jarrod Brander,Jarrod,Brander,,,,,,WCE,DEF FWD,,
778,998107,Hamish Brayshaw,Hamish,Brayshaw,,,,,,WCE,MID,,
779,1005793,Jarrod Cameron,Jarrod,Cameron,,,,,,WCE,FWD,,
780,993820,Thomas Cole,Thomas,Cole,,,,,,WCE,DEF,,
781,290826,Jamie Cripps,Jamie,Cripps,,,,,,WCE,FWD,,
782,290838,Jack Darling,Jack,Darling,,,,,,WCE,FWD,,
783,298268,Liam Duggan,Liam,Duggan,,,,,,WCE,DEF,,
784,1011437,Harry Edwards,Harry,Edwards,,,,,,WCE,DEF,,
785,1005599,Luke Foley,Luke,Foley,,,,,,WCE,DEF,,
786,290801,Andrew Gaff,Andrew,Gaff,,,,,,WCE,MID,,
787,294266,Tom Hickey,Tom,Hickey,,,,,,WCE,RUC,,
788,240283,Shannon Hurn,Shannon,Hurn,,,,,,WCE,DEF,,
789,281052,Mark Hutchings,Mark,Hutchings,,,,,,WCE,MID,,
790,1011243,Callum Jamieson,Callum,Jamieson,,,,,,WCE,RUC,,
791,281281,Lewis Jetta,Lewis,Jetta,,,,,,WCE,DEF,,
792,1011464,Ben Johnson,Ben,Johnson,,,,,,WCE,DEF,,
793,295898,Tim Kelly,Tim,Kelly,,,,,,WCE,MID,,
794,240406,Josh J. Kennedy,Josh J.,Kennedy,,,,,,WCE,FWD,,
795,294859,Jeremy McGovern,Jeremy,McGovern,,,,,,WCE,DEF,,
796,271045,Nic Naitanui,Nic,Naitanui,,,,,,WCE,RUC,,
797,298298,Jackson Nelson,Jackson,Nelson,,,,,,WCE,DEF,,
798,1009353,Mitchell O'Neill,Mitchell,O'Neill,,,,,,WCE,MID,,
799,1008282,Xavier O'Neill,Xavier,O'Neill,,,,,,WCE,MID,,
800,1006550,Jack Petruccelle,Jack,Petruccelle,,,,,,WCE,FWD,,
801,281373,Jack Redden,Jack,Redden,,,,,,WCE,MID,,
802,296225,Willie Rioli,Willie,Rioli,,,,,,WCE,FWD,,
803,997823,Josh Rotham,Josh,Rotham,,,,,,WCE,DEF,,
804,1004364,Liam Ryan,Liam,Ryan,,,,,,WCE,FWD,,
805,261214,Will Schofield,Will,Schofield,,,,,,WCE,DEF,,
806,296296,Dom Sheed,Dom,Sheed,,,,,,WCE,MID,,
807,281080,Brad Sheppard,Brad,Sheppard,,,,,,WCE,DEF,,
808,280078,Luke Shuey,Luke,Shuey,,,,,,WCE,MID,,
809,1001412,Anthony Treacy,Anthony,Treacy,,,,,,WCE,FWD,,
810,280959,Nathan Vardy,Nathan,Vardy,,,,,,WCE,RUC,,
811,998414,Daniel Venables,Daniel,Venables,,,,,,WCE,FWD,,
812,996554,Jake Waterman,Jake,Waterman,,,,,,WCE,FWD,,
813,298474,Francis Watson,Francis,Watson,,,,,,WCE,DEF,,
814,1006114,Bailey Williams,Bailey,Williams,,,,,,WCE,DEF,,
815,292128,Elliot Yeo,Elliot,Yeo,,,,,,WCE,MID,,
816,291773,Jack Newnes,Jack,Newnes,,,,,,CAR,MID,,
